,AgencyName,LegalStatus,OfficePhone,EMail,Website,Address,Neighbourhood,Accessibility,Hours,Eligibility,Languages,Application,DescriptionService,DateUpdated
0,University of Toronto,(50) Non Profit,416-287-7065,health-services@utsc.utoronto.ca,www.utsc.utoronto.ca/wellness,"1365 Military Trail
Scarborough, ON     M1C 1A4",,Unknown,"Mon, Wed-Fri 9am-4:45pm * Tue 10am-4:45pm",Students who need medical care * valid health card and student card required,English,Call or drop-in * no referral required,"University campus integrated health service
with doctors, nurses and counsellors that provide:<br><ul><li>assess and treat minor infections and injuries</li><li>general counselling</li><li>immunization</li><li>smoking cessation program (help to quit smoking)</li><li>sexual health information and counselling</li><li>birth control counselling</li><li>Pap smears</li><li>pregnancy testing and counselling</li><li>testing for sexually transmitted infections</li><li>nutrition counselling</li><li>personal counsellors available by appointment until 7pm</li></ul><br>Service is for
registered UTSC students only.&nbsp; Not for the public.",2016-01-12
1,Talk Shop Sexual Health Clinic,(50) Non Profit,416-338-7000,,www1.toronto.ca,"5100 Yonge St, Lower Level
Toronto, ON     M2N 5E7",,Fully Accessible,"Mon, Thu 2pm-6:30pm * Wed 9:30am-3:30pm (closed 11am-1:30pm)",People who need sexual health services,English,Drop-in * no referral required,Sexual health clinic * health professionals test for and treat sexually transmitted infections * family planning services<br><ul><li>birth control counselling</li><li>low cost or free birth control&nbsp;</li><li>pregnancy testing and counselling</li><li>free condoms</li><li>HIV testing</li><li>sexuality and relationship counseling</li><li>emergency contraceptive pill</li></ul>,2015-05-20
2,Seneca College - Newnham Campus - Student Health Centre,(50) Non Profit,416-491-5050 ext 22965,,www.senecac.on.ca/students/healthcentre.html,"1750 Finch Ave E
Toronto, ON     M2J 2X5",,,Mon-Fri 9am-4:30pm,Students and staff who need medical care * valid health card required,English,Call or drop-in * doctors are available only by appointment,College community medical clinic * health professionals assess and treat minor infections and injuries<br><ul><li>birth control counselling</li><li>emergency birth control</li><li>pap smears</li><li>testing and treating for sexually transmitted infections</li></ul>,2015-02-25
3,Assaulted Women's Helpline,(50) Non Profit ; (51) Registered Charity,Administration only 416-364-4144,,www.awhl.org,,,Not Applicable,Mon-Sun 24 hours * office -- Mon-Fri 9 am-5 pm,"Assaulted/abused women 16 years and older * families, friends, neighbours, professionals and other service providers in contact with abused women",English ; Telephone interpretation in over 154 other languages available for access to services,,"Telephone crisis counselling, emotional support, information and referrals to emergency shelters, legal information and community services, as well as culturally appropriate resources for abused women * liaison with diverse communities * confidential and anonymous",2015-10-06
4,Birth Control and VD Information Centre,(50) Non Profit ; (51) Registered Charity,416-789-4541,info@birthcontrolvd.org,www.birthcontrolvd.org,"960 Lawrence Ave W, Ste 403
Toronto, ON     M6A 3B5","Yorkdale-Glen Park, 31",Wheelchair accessible - call for details ; Lot parking,"Office -- Mon-Fri 10 am-5 pm * <b>clinics</b> -- Mon 2 pm-4 pm, Tue 4 pm-6 pm, Wed 12 noon-4 pm, Thu 5 pm-7 pm, Fri 12:30 pm-3:30 pm",,English,Call for appointment,"Sexual health clinic * information and counselling on birth control, sexually transmitted infections, pregnancy, unplanned pregnancy * fully equipped medical clinics -- no Ontario Health Insurance required * anonymous HIV testing, including point-of-care testing * sexually transmitted disease testing and treatment * low cost birth control * pregnancy tests, emergency contraception, condoms * community education programs, films, literature in many languages * confidential",2016-02-11
5,Birthright,(50) Non Profit ; (51) Registered Charity,416-469-1111,toronto@birthright.org,www.birthright.org,"777 Coxwell Ave
Toronto, ON     M4C 3C6","Danforth Village-Toronto, 66",Wheelchair accessible - call for details ; Rear entrance close to parking,"Mon 9:30 am-4:30 pm; Tue 9:30 am-1:30 pm, 6 pm-9 pm; Wed 9:30 am-1:30 pm, 5:30 pm-8:30 pm; Thu 9:30 am-1:30 pm; Fri 5:30 pm-8:30 pm",,English ; French - appointment required ; Filipino - appointment required ; Polish - appointment required ; Portuguese - appointment required ; Spanish - appointment required ; Urdu - appointment required,Call for appointment,Crisis pregnancy services offering assistance to distressed pregnant girls and women in carrying their babies to term * counselling and referrals * assistance in finding accommodation * free pregnancy testing * clothing for mother and baby * confidential,2016-01-21
6,Hassle Free Clinic,(50) Non Profit ; (51) Registered Charity,416-922-0566,admin@hasslefreeclinic.org,www.hasslefreeclinic.org,"66 Gerrard St E, Ste 200
Toronto, ON     M5B 1G3","Church-Yonge Corridor, 75",Wheelchair accessible via elevator at north side of building ; Barrier free examination room and washroom,"<b>Patient registration ends when all slots are filled</b>, generally early in clinic hours<br>
<br>
<b>Men/Trans-Identified</b> -- Mon, Wed 4 pm-8 pm; Tue, Thu 10 am-3 pm; Fri 4 pm-7 pm; Sat 10 am-2 pm * closed Sun and holidays<br>
<br>
<b>Women/Trans-Identified</b> -- Mon, Wed, Fri 10 am-3 pm; Tue, Thu 4 pm-8 pm * closed Sat, Sun and holidays<br>
<br>
Office phone answered during clinic hours only * answered with recorded messages after hours or when busy",No restrictions,English ; Chinese (Cantonese) ; Chinese (Mandarin) ; Hindi ; Italian ; Spanish ; Urdu,,"Sexual health counselling and related medical services, including birth control, testing and treatment for sexually transmitted infections, and anonymous HIV testing and counselling * partners welcome * confidential * no Ontario Health Insurance required * schedules for women/trans and men/trans clinics differ -- see Hours above * clinic space limited<br><br> 

<b>Men/Trans-Identified clients -- drop-in</b> for sexually transmitted infection (STI) testing and treatment * Hepatitis A and B vaccinations * free condoms available * <b>by appointment</b> -- anonymous HIV testing, counselling and treatment information * sexuality and safe sex counselling * sexual assault counselling, testing and follow-up * outreach to bathhouses<br><br> 

<b>Women/Trans-Identified clients -- drop-in</b> for sexually transmitted infection testing and treatment * free condoms available * emergency contraception/Plan B  * <b>by appointment</b> -- counselling on safer sex, sexually transmitted infections (STI), birth control, sexuality and healthy relationships * pregnancy testing and counselling * abortion counselling, referral and follow-up * fertility awareness * anonymous HIV testing, counselling and treatment information * support for HIV positive women and trans people * sexual assault counselling, testing and follow-up",2016-02-03
7,Immigrant Women's Health Centre,(50) Non Profit,416-323-9986,info@immigranthealth.info,www.immigranthealth.info,"489 College St, Ste 200
Toronto, ON     M6G 1A5","Palmerston-Little Italy, 80","Wheelchair accessible automatic main entrance ; Elevator with braille and voice/tone features - lowered buttons ; Wheelchair accessible washroom, assistance needed with door ; Street parking","Mon-Fri 9 am-5 pm * health clinic Mon-Tue 10 am-6 pm, Wed 2 pm-8 pm, Thu 10 am-2 pm","All women * focus on immigrant and refugee women, and women without status",English ; Chinese (Cantonese) ; Chinese (Mandarin) ; Filipino ; Hindi ; Italian ; Portuguese ; Spanish ; Urdu ; Vietnamese,Walk in,"Sexual health care medical services, information, counselling and referral -- health education, family planning, birth control, emergency contraception, sexually transmitted diseases, pregnancy, sexuality * presentations on reproductive health, AIDS * Immigrant Women's Health Handbook available in several languages * workshops and mobile health clinic visits in locations such as factories and other workplaces, places of worship and English as a Second Language (ESL) classes * confidential * no Ontario Health Insurance required",2014-05-16
8,Women's College Hospital,(50) Non Profit,416-323-6031,,www.womenscollegehospital.ca/programs-and-services/crossroads-clinic,"76 Grenville St, 3rd Fl
Toronto, ON     M5S 1B2","Bay Street Corridor, 76","Wheelchair accessible building including main entrance and barrier free washrooms * access ramps at front and emergency entrances * braille and tone elevator, lowered buttons",Mon-Fri 8 am-4 pm,Newly arrived refugees of all ages,English ; Interpretive Services,Call for an appointment,"Diagnosis and management of acute medical issues * annual health exams * management of chronic diseases * full primary care for children including immunizations * pregnancy care * family planning advice * health education<br><br>
<a href=""http://www.womenscollegehospital.ca/programs-and-services/crossroads-clinic/Syrian-Refugee-Medical-Clinic"">Temporary clinic</a>
for newly arrived Syrian refugees -- call 416-323-6400 ext 5905 for an appointment",2015-11-26
9,Unison Health and Community Services,(50) Non Profit ; (51) Registered Charity,416-787-1661,,www.unisonhcs.org,"12 Flemington Rd
Toronto, ON     M6A 2N4","Englemount-Lawrence, 32",Designated parking at entrance ; Wheelchair accessible automatic main entrance ; Easy access to elevator ; Barrier-free washroom including door and stall ; Elevator with braille,"Mon-Thu 8:30 am-8:30 pm, Fri 8:30 am-5 pm","Health Services -- open to all within catchment area * Toronto Public Health dental clinic -- children, adolescents, parents enrolled in select Toronto Public Health programs and seniors","English ; interpreters for Italian, Portuguese, Russian, Somali, Spanish * other languages available with 24 hour notice",,"Community health centre * health services, health promotion, community services and community development * legal clinic * no Ontario Health Insurance required for general services 
<br><br>
<b>Health Services</b> -- family practice including crisis pregnancy, family planning, management of chronic conditions, prenatal and postnatal care, preventative health care, seniors’ health, sexual health --  individual and sexuality counselling,  treatment of sexually transmitted diseases * counselling and case management * dietitian * podiatry clinic
<br><br>
<b>Health Promotion</b> -- anonymous HIV testing * breastfeeding clinic * child and parenting programs * Diabetes Education Program * Diabetes Prevention Program * harm reduction programs * Toronto Public Health dental clinic * youth programs
<br><br>
<b>Pathways to Education</b> 416-787-6800 -- academic and financial support for high school students * located at Lawrence Square 700 Lawrence Ave W, Ste 440B, Toronto M6A 3B4
<br><br>
<b>Unison Links</b> 416-787-1676 ext 275 -- drop-in information and referral centre * Monday, Tuesday 9:30 am-12:30 pm, 1:30 pm-4:30 pm; Wednesday 9:30-12 noon, 1 pm-2:30 pm * form filling * help with accessing government and community programs * information on services at Unison and other agencies * internet access for searching community, social, health and related government services",2015-10-22
10,Morgentaler Clinic,(50) Non Profit,416-932-0446,mclinic@passport.ca,www.morgentaler.ca,"727 Hillsdale Ave E
Toronto, ON     M4S 1V4","Mount Pleasant East, 99","Wheelchair accessible building, but call ahead to make arrangements * street parking","Mon-Wed 9 am-6 pm, Thu 9 am-7 pm, Fri 9 am-6 pm, Sat 9 am-4 pm * after hours -- emergency calls returned within one hour",,English ; American Sign Language (ASL) ; Filipino ; Italian ; interpreters available for over 60 languages,"Call for appointment only after positive pregnancy test obtained through pharmacy, doctor, medical clinic or home pregnancy test",Abortions up to 19 weeks gestation * 24 hour emergency service for clients who have had a recent abortion * taped information Monday-Sunday 24 hours,2015-03-13
11,Women's Care Abortion Clinic Toronto,(50) Non Profit,416-256-7149 ; 416-256-4139,info@womenscareclinic.ca,www.AbortionToronto.com,"960 Lawrence Ave W
Toronto, ON     M6A 3B5","Yorkdale-Glen Park, 31",Wheelchair accessible -- call for details,Mon-Sat 9 am-5 pm,Women of all ages,English ; Chinese (Cantonese) ; Chinese (Mandarin) ; Farsi ; Romanian ; Serbian ; Spanish,Call for appointment * no referral required,Abortion services from 4-20 weeks gestation * pre-abortion and birth control counselling for patients * all female staff * parental consent not required,2015-07-03
12,Cabbagetown Women's Clinic,(50) Non Profit,416-323-0642,,cabbagetownwomensclinic.com,"302 Gerrard St E
Toronto, ON     M5A 2G7","Moss Park, 73",Wheelchair accessible via rear entrance and barrier free washrooms,Office -- Mon-Fri 8 am-4 pm * telephone -- Mon-Sun 8 am-8 pm,,English ; Chinese (Mandarin) ; Filipino ; Italian ; Romanian,Call for information or to book appointment,Abortion services from 5-23 weeks gestation * pre-abortion counselling * follow-up care,2014-04-16
13,Planned Parenthood Toronto,(50) Non Profit ; (51) Registered Charity,416-961-0113,ppt@ppt.on.ca,www.ppt.on.ca,"36B Prince Arthur Ave
Toronto, ON     M5R 1A9","Annex, 95",Not Accessible,"Mon-Tue 1 pm-7:30 pm; Wed 4 pm-7:30 pm, Thu 1 pm-7:30 pm, Fri 1 pm-4 pm, Sat 10 am-2 pm (sexual health matters only)",Youth 13-29 years,English ; Interpretive services available on request,"Call, email, text, visit website or drop in","Information on sexual and reproductive health issues, including birth control, relationships, pregnancy options, sexually transmitted infections, HIV/AIDS, safer sex * educational materials * training for service providers * speakers * volunteer opportunities",2016-02-03
14,Access Alliance Multicultural Health and Community Services,(50) Non Profit ; (51) Registered Charity,416-693-8677,mail@accessalliance.ca,www.accessalliance.ca,"3079 Danforth Ave
Toronto, ON     M1L 1A8","Oakridge, 121",Wheelchair accessible building including main entrance and barrier free washrooms,"Mon-Tue, Thu 9 am-8 pm; Wed 1 pm-5 pm; Fri 9 am-5 pm",Newcomer immigrants and refugees,English ; interpreters available for other languages,"Health services -- referral by community agency or self referral * Community, settlement and youth services -- most programs require an appointment, call for details","Health and community services<br><br>

<b>Health services</b> -- primary health care services * assessment, medical treatment * prenatal and postnatal care * immunization * diabetes * illness and disease prevention * sexual health and health education * nutrition * individual, marital, family and mental health counselling * no Ontario Health Insurance required for primary care and most specialists * <b>SHY Clinic</b>, Sexually Healthy Youth -- for ages 13-24 years * pregnancy testing and counselling * STI (sexually transmitted infections) testing and free treatment * low cost birth control * non-judgemental, confidential
<br><br>

<b>Community services</b> -- focus on newcomers, women, families with children birth-6 years * peer outreach and support * parenting and parent-child groups * prenatal nutrition and support * food skills groups * health education * lesbian, gay, bisexual, trans and queer (LGBTQ) services * expressive arts * environmental awareness * research and advocacy on newcomer, immigrant and refugee issues<br><br>

<b>Youth services</b> -- drop-in programs * settlement * out of school programs * <b>Community Connections Mentorship Program </b>(formerly HOST) -- group orientation activities for newly arrived immigrant and refugee youth * trained volunteer mentors * help in establishing social and professional networks * development of citizenship and civic engagement * skills and career development<br><br>

<b>Settlement Program</b> -- orientation * needs and eligibility assessments * information and referral * language and skills training * job search and employment counselling * networking * youth settlement * LGBTQ settlement * services in various locations<br><br>

<b>Newcomer Resource Centre</b> -- information and referral to community and government services * access to computers, Internet, photocopier, fax and telephone",2014-06-12
15,Toronto Rape Crisis Centre / Multicultural Women Against Rape,(50) Non Profit ; (51) Registered Charity,Administration 416-597-1171,info@trccmwar.ca,www.trccmwar.ca,,,Wheelchair accessible automatic main entrance ; Barrier-free washroom including door and stall,Crisis line -- Mon-Sun 24 hours * office -- Mon-Fri 9:30 am-5 pm * counselling by appointment,"All survivors of sexual violence, their families and friends",English ; Spanish ; West Indian dialects ; Crisis line - English,"Call, email or visit website","Crisis intervention and culturally sensitive counselling, support and referral for all survivors of rape/sexual assault/incest * support for families and friends of survivors * self help groups for sexually assaulted women * information on alternatives to the legal justice system * court support, accompaniment and advocacy program * support groups * research, public education, workshops * library * comprehensive volunteer training * all services confidential * trans-positive environment",2015-10-07
16,Choice in Health Clinic,(50) Non Profit,416-975-9300,,www.choiceinhealth.ca,"1678 Bloor St W, Ste 301
Toronto, ON     M6P 1A9","High Park North, 88",Wheelchair accessible -- call for details,"Mon-Wed 9 am-4:45 pm, Thu 9 am-7:45 pm, Fri 9 am-12:45 pm * hours may vary, call for details * after hours -- 24 hour recorded information on abortion services",,English ; interpreters can be arranged for other languages,<b>Call for appointment</b>,"<b>Abortions </b>-- surgical abortions up to 15 weeks gestation * medication abortions up to 7 weeks gestation * parental consent not required for minors * all female doctors<br><br>
Pre- and post-abortion counselling * pregnancy testing * post-abortion checkup * birth control counselling * contraceptives * sexually transmitted infections testing and treatment for abortion clients * public education and workshops",2014-05-16
17,Women's College Hospital,(50) Non Profit,Switchboard 416-323-6400 * Patient Inquiry 416-323-6100,info@wchospital.ca,www.womenscollegehospital.ca,"76 Grenville St
Toronto, ON     M5S 1B2","Bay Street Corridor, 76","Wheelchair accessible building including main entrance and barrier free washrooms * access ramps at front and emergency entrances * braille and tone elevator, lowered buttons",Mon-Fri 6 am-7 pm * Sexual Assault and Domestic Violence Care Centre -- Mon-Sun 24 hours,Most programs treat men as well as women,English ; interpreters for many other languages,Physician referral required for most programs,"Ambulatory care hospital with a focus on women's health<br><br>
Breastfeeding support * childbirth education classes * foot care clinic * Ontario Breast Screening Program * women's mental health programs<br><br>
<b>Sexual Assault and Domestic Violence Care Centre</b> 416-323-6040 -- entrance on Grosvenor St west of Bay St * Monday-Sunday 24 hours * women, men and trans people * medical assessment and treatment * collection of medical and legal evidence at request of client * psychological and social support * follow-up services * safety planning<br><br>
<b>WISE program</b> -- assessment and consultation for seniors living in the community<br><br>
<a href=""http://www.womenshealthmatters.ca""> Women's Health Matters</a> -- online resource on women's health",2015-12-02
18,Unison Health and Community Services,(50) Non Profit ; (51) Registered Charity,416-653-5400,,www.unisonhcs.org,"1651 Keele St
Toronto, ON     M6M 3W2","Keelesdale-Eglinton West, 110",Designated parking at entrance ; Wheelchair accessible automatic main entrance ; Easy access to elevator ; Elevator with braille and voice/tone features ; Barrier-free washroom including door and stall ; Elevator with braille,"Mon 8:30 am-5 pm, Tue-Thu 8:30 am-8:30 pm, Fri 8:30 am-5 pm * after hours -- answering service * doctor on call for registered clients with medical emergencies, calls returned within one hour","Health Services -- open to all within catchment area * Toronto Public Health dental clinic -- children, adolescents, parents enrolled in select Toronto Public Health programs and seniors",English ; Portuguese ; Spanish ; Vietnamese,Appointment required for most services,"Community health centre * health services, health promotion, community services and community development * no Ontario Health Insurance required for general services 
<br><br>	
<b>Health Services</b> -- family practice including crisis pregnancy, family planning, management of chronic conditions, prenatal and postnatal care, preventative health care, seniors’ health, sexual health --  individual and sexuality counselling,  treatment of sexually transmitted diseases * counselling and case management * dietitian * podiatry clinic
<br><br>
<b>Health Promotion</b> -- anonymous HIV testing * breastfeeding clinic * child and parenting programs, including Spanish-speaking groups * Diabetes Education Centre * harm reduction programs * seniors programs * Toronto Public Health dental clinic * women’s programs, including Vietnamese support group * youth programs
<br><br>
<b>Community Services</b> -- Adult Protective Service program for adults with developmental disabilities * community kitchen * form filling * ID clinic * income tax clinic * legal clinic * Snow Link -- snow clearing registry 
<br><br>
<b> Housing Help Centre </b> -- client advocacy * crisis referral to shelters * eviction prevention * housing search * information and referral * landlord outreach * negotiation with landlords * Share the Warmth * Housing Connections Access centre * other <b>Home Services</b> -- rent bank and Streets to Homes Follow-up services
<br><br>
<b>Unison Links</b> -- drop-in information and referral centre * Monday-Tuesday 10 am-12 noon, 1 pm-3:30 pm; Wednesday 1 pm-3:30 pm,Thursday 10 am-12 noon, 1 pm-3:30 pm * form filling * help with accessing government and community programs * information on services at Unison and other agencies * internet access for searching community, social, health and related government services
<br><br>
Access centre for <b>LEAP (Low Income Energy Assistance Program)</b>, sponsored by Toronto Hydro Electric System and United Way Toronto -- assistance to low income individuals and families who are in arrears for their electricity utility bills and have exhausted all other sources of financial support * <b>for help with Enbridge gas bills call 1-855-487-5327</b>",2015-07-17
19,Scott Clinic,(50) Non Profit,416-962-5771,,www.scottclinic.ca,"157 Gerrard St E
Toronto, ON     M5A 2E4","Moss Park, 73",Not Accessible,Mon-Fri 9 am-5 pm * after hours -- answering service for emergency calls from active patients,,English ; French ; Chinese (Cantonese) ; Filipino ; Italian ; Russian,Call for appointment,"Abortions up to 16 weeks gestation * taped information and instructions on factors to consider, procedures, services, fees <b>416-962-4108</b>",2014-06-19
20,Access Alliance Multicultural Health and Community Services,(50) Non Profit ; (51) Registered Charity,416-760-8677,mail@accessalliance.ca,www.accessalliance.ca,"761 Jane St, 2nd Fl, Ste 200B
Toronto, ON     M6N 4C4","Rockcliffe-Smythe, 111",Wheelchair accessible building including main entrance and barrier free washrooms,"Mon-Tue, Thu 9 am-8 pm; Wed 1 pm-5 pm; Fri 9 am-5 pm
",Newcomer immigrants and refugees,English ; interpreters available for other languages,"Health services -- referral by community agency or self referral * Community, settlement and youth services -- most programs require an appointment, call for details","Health and community services<br><br>

<b>Health services </b>-- primary health care services * assessment, medical treatment * prenatal and postnatal care * immunization * diabetes * illness and disease prevention * sexual health and health education * nutrition * individual, marital, family and mental health counselling * no Ontario Health Insurance required for primary care and most specialists<br><br>

<b>Community services </b>-- focus on newcomers, women, families with children birth-6 years * peer outreach and support * parenting and parent-child groups * prenatal nutrition and support * food skills groups * health education * lesbian, gay, bisexual, trans and queer (LGBTQ) services * expressive arts * research and advocacy on newcomer, immigrant and refugee issues<br><br>

<b>Youth services </b>-- drop-in programs * settlement * out of school programs * <b>Community Connections Mentorship Program </b>(formerly HOST) -- group orientation activities for newly arrived immigrant and refugee youth * trained volunteer mentors * help in establishing social and professional networks * development of citizenship and civic engagement * skills and career development <br><br>

<b>Settlement Program </b>-- orientation * needs and eligibility assessments * information and referral * language and skills training * job search and employment counselling * networking * youth settlement * LGBTQ settlement * services in various locations",2014-06-12
21,TAIBU Community Health Centre,(50) Non Profit,Clinic 416-644-3536 ; Community Programs and Administration 416-644-3539,info@taibuchc.com,www.taibuchc.com,"27 Tapscott Rd, Unit 1
Toronto, ON     M1B 4Y7","Malvern, 132",Wheelchair accessible building including main entrance and barrier free washrooms,"Clinic -- Mon, Wed, Fri 9 am-5 pm * Tue, Thu 9 am-8 pm * administration -- Mon-Fri 9 am-5 pm",Open to the Black community throughout the Greater Toronto Area * also all residents of the catchment area,English ; other languages may be available,,"Community health centre * primary health care * social worker/therapist * dietitian * Toronto Public Health dental clinic for children, youth, seniors and perinatal women * prenatal and postnatal care * early years programs * chronic disease management * sexual health clinic * community programs -- health promotion, community development, community kitchen * no Ontario Health Insurance required for general services",2015-09-17
22,Planned Parenthood Toronto,(50) Non Profit ; (51) Registered Charity,416-961-0113,ppt@ppt.on.ca,www.ppt.on.ca,"36B Prince Arthur Ave
Toronto, ON     M5R 1A9","Annex, 95",Not Accessible - office ; Outreach programs accessible - call for details,"<b>Primary health clinic</b> -- Mon-Tue 9:30 am-8 pm; Wed 9:30 am-12 noon, 4 pm-8 pm; Thu 9:30 am-8 pm; Fri 9:30 am-4 pm * by appointment only -- call after 9:30 am for same day appointments * Sat 10 am-2 pm -- drop-in for sexual health matters only on a first-come, first-served basis<br><br>

<b>Telephone access to physician or nurse practitioner</b> -- for current clients only, call Client Access Line 416-961-0113 ext 165 * Mon-Fri 11 am-11:45 am, also Mon-Thu 7:15 pm -8 pm",Youth 13-29 years,English ; Interpretation available by appointment,Call or visit * no referral required,"Community health centre -- primary health, sexual and reproductive health, and mental health care * drop-in clinic * telephone access to physician or nurse practitioner * birth control counselling * emergency contraception * birth control and prescriptions at reduced price * free condoms * pregnancy testing and counselling, including pregnancy options * prenatal care * sexually transmitted infections testing and treatment * anonymous HIV testing * mental health case coordination * individual and group counselling * no Ontario Health Insurance required for general services<br><br>

Also information and referral including assistance finding food, housing, employment and legal aid * assistance obtaining health card * translation and interpretation by appointment",2015-07-31
23,Ontario. Ministry of the Attorney General,(30) Provincial Government,,,www.attorneygeneral.jus.gov.on.ca/english/ovss/male_support_services,,,Not Applicable,Mon-Sun 24 hours,"Male survivors of sexual abuse, including historical abuse, and their family and friends",English ; French,,"Information and referral to local services with special competencies in crisis and integrated follow-up services
<br><br>
Member agency of Support Services Network for Male Survivors in Ontario",2015-05-28
24,Rexdale Community Health Centre,(50) Non Profit ; (51) Registered Charity,416-744-0066,reception@rexdalechc.com,www.rexdalechc.com,"8 Taber Rd
Toronto, ON     M9W 3A4","West Humber-Clairville, 1",Designated parking at entrance ; Wheelchair accessible automatic main entrance ; Easy access to elevator ; Barrier-free washroom including door and stall ; Dedicated accessible washroom with all features,"Mon, Wed 8:30 am-8 pm; Tue, Thu-Fri 8:30 am-5 pm; Sat 9 am-2 pm",Varies by program,English ; diabetes education program offered in several languages * cultural interpreters available for other languages,,"Primary health care provided by doctors and nurse practitioners * counselling and case management * dental clinic for children and seniors * diabetes education centre * drop-in social program for deaf and hard of hearing adults * flu shots * foot care * health promotion * information and referral to services in the community * leadership programs for children and youth * nutrition * physiotherapy * seniors social and health promotion programs * sexual health clinic, including HIV testing * speech and language * well woman clinic * no Ontario Health Insurance required for general services<br><br>
<b>Good Food Box </b>distribution -- see separate entry FoodShare<br><br>
<b>Pathways to Education </b>-- academic and financial support for high school students<br><br>
Some services provided at satellite locations at 609 The East Mall, Unit 32, 2267 Islington Ave and Rexdale Community Hub, 21 Panorama Court -- call for details",2014-04-03
25,Yonge Street Mission,(50) Non Profit ; (51) Registered Charity,416-929-9614 ext 2238,healthcentre@ysm.ca,www.ysm.ca,"381 Yonge St
Toronto, ON     M5B 1S1","Church-Yonge Corridor, 75","Wheelchair accessible main entrance and ground floor, assistance needed with door ; Barrier-free washroom",Health Centre -- Mon-Fri 1 pm-4:30 pm * office -- Mon-Fri 9 am-5 pm,"Street involved and homeless youth only * 24 years and under (no minimum age) * also children, infants of street youth",English,"Walk in only, no appointments","Health services including primary medical care and dental care, check ups, lab tests, including HIV testing * birth control, pregnancy tests, immunization, prenatal care, perinatal services, prenatal and parenting classes * dental care * optometry, eye glasses * chiropractor * nutritionist * physiotherapist * psychiatrist * addictions counselling * traditional Chinese medicine * foot care, socks and shoes * health education * counselling on health issues * referrals * ID replacement * access to diapers, formula, baby food * no Ontario Health Insurance or identification required * child care available",2014-08-15
26,LAMP Community Health Centre,(50) Non Profit ; (51) Registered Charity,416-252-6475,frontdesk@lampchc.org,www.lampchc.org,"185 Fifth St
Toronto, ON     M8V 2Z5","New Toronto, 18",Designated parking at entrance ; Wheelchair accessible automatic main entrance ; Elevator with braille and voice/tone features ; Barrier-free washroom including door and stall,"Mon-Wed 9 am-8 pm, Thu-Fri 9 am-5 pm * after hours, answering service relays message 24 hours * health care providers on call for registered clients with medical emergencies",Residents of catchment area,English,"<b>Primary Health Care</b> -- Call to check if accepting new patients
<b>Asthma Project</b> – by referral only
<b>Dental clinic</b> – by appointment only
<b>Chiropody (Foot Care)</b> – by appointment only","Primary health care services * health education and disease prevention * family physicians, nurse practitioners * doctor on call 24 hours * no Ontario Health Insurance required for general services * Healthy Sex Clinic (family planning) Mon 2 pm-7:30 pm * Naturopathy Clinic Thu 1:45 pm-6:45 pm ; 416-252-9701 ext 295 * Asthma Project <br><br>

<b>Dental Clinic -- 416-252-8576</b> ; Tue, Thu-Fri 8 am-4 pm * free dental care for eligible client * operated by Toronto Public Health <br><br>

<b>Foot Care (Chiropody) 416-252-6471 ext 264</b> ; Mon-Thu <br><br>

<b>Nutrition Counselling and Services 416-252-9701 ext 271</b> * individual counseling (Clinical Days) * nutrition supports for other programs (Community Days) <br><br> 

<b>West Toronto Diabetes Education Program (WTDEP) 416-252-1928</b> -- for people with Type 2 diabetes, prediabetes or at risk and interested in prevention education, counselling and support * one on one assessment, monitoring, and counselling by nurse educators and registered dietitians in many locations -- no referral required",2015-09-08
27,Anne Johnston Health Station,(50) Non Profit ; (51) Registered Charity,416-486-8666,info@ajhs.ca,www.ajhs.ca,"2398 Yonge St
Toronto, ON     M4P 2H4","Yonge-Eglinton, 100","Wheelchair accessible automatic main entrance ; Elevator with braille and voice/tone features - lowered buttons ; Barrier-free washroom including door and stall ; Street parking, covered drive through drop off","Mon-Tue, Thu-Fri 8:30 am-5 pm; Wed 8:30 am-7 pm; Sat 11:30 am-4 pm","Youth 13-26 years who live, work or attend school in catchment area * seniors 55 years and older who live in catchment area * people with physical disabilities who live in the City of Toronto",English ; Arabic ; Portuguese ; Turkish ; interpreters may be arranged for other languages,,"Community health centre with focus on youth, seniors and persons with physical disabilities * in-home primary medical care for seniors, including occupational therapy, medication reviews, home safety assessment * foot care * nutrition counselling * clinic for youth 13-26 years including birth control, sexuality, testing for sexually transmitted diseases and HIV * <b>Barrier Free Health Zone</b> -- primary medical care for persons 18 years and older with physical disabilities * health education promotion, seminars and workshops * referrals to health and social services * resource centre * no Ontario Health Insurance required for general services<br> <br> 

<b>Adult day program</b> -- for frail elderly and those with Alzheimer Disease * call to apply * transportation available * partnership with SPRINT<br> <br> 

<b>Toronto Diabetes Prevention Program</b> 416-486-8666 ext 299 -- nutrition counselling * individual and group counselling * foot care * home visits * community outreach * workshops <br><br>

<b>SexAbility</b> -- sexual health information in person and by phone for youth and young adults 14-29 years with mobility disabilities * peer counselling * workshops, presentations, social events * call for appointment",2015-02-12
28,Toronto Public Health,(20) Regional Government,Toronto Health Connection 416-338-7600 ; After hours emergency 311 (outside city limits 416-392-2489),publichealth@toronto.ca,www.toronto.ca/health,"277 Victoria St, 5th Fl
Toronto, ON     M5B 1W2","Church-Yonge Corridor, 75",Wheelchair accessible building including main entrance and barrier free washrooms,Mon-Fri 8:30 am-4:30 pm,Varies by program,English,,"Health promotion, health protection and disease prevention programs and services<br><br>
Air quality health index * beaches water quality * communicable disease control * DineSafe inspections of establishments that prepare and serve food, including restaurants, day care centres and nursing homes * emergency planning and preparedness * extreme heat/cold alerts * food handler certification program * health status reports * immunization * prenatal and parenting programs * Toronto Preschool Speech and Language Services -- see separate entry<br><br>
<b>Healthy Babies Healthy Children </b>-- home visiting program for pregnant women and parents of children birth-3 years<br><br>
<b>Dental services </b>-- free <a href="" http://www.toronto.ca/health/dental/locations.htm ""> dental clinics </a>
for eligible children and youth birth-17 years, adults enrolled in selected Toronto Public Health programs, and seniors 65 years and older * mobile dental clinic travels to selected community agencies -- call 311 for details * website lists <a href="" http://www1.toronto.ca/wps/portal/contentonly?vgnextoid=8c1b7dbbfd510410VgnVCM10000071d60f89RCRD&vgnextchannel=51b74485d1210410VgnVCM10000071d60f89RCRD&vgnextfmt=default""> low-cost dental clinics </a>
for those not eligible for free services<br><br>
<a href="" http://www1.toronto.ca/wps/portal/contentonly?vgnextoid=442a9561d1352410VgnVCM10000071d60f89RCRD&vgnextfmt=default"">eCounselling</a>
-- online counselling with a public health nurse or dietician<br><br><a href=""http://www1.toronto.ca/wps/portal/contentonly?vgnextoid=7a9eebfc2bb31410VgnVCM10000071d60f89RCRD"">Online information </a>
-- alcohol and drug abuse * bed bugs * environmental health * food safety * healthy child development * healthy living * injury prevention * mental health * nutrition * smoking cessation * workplace health<br><br>
Helplines:<br><br>
<b>AIDS & Sexual Health Infoline </b>416-392-2437 (416-392-AIDS)<br><br>
<b>Immunization Information Line </b>416-392-1250<br><br>
<b>The Works </b>-- methadone clinic and needle exchange 416-392-0520, or if busy 416-392-0521",2014-05-29
29,Fem'aide : Francophone helpline for women affected by violence,(50) Non Profit,,,www.femaide.ca,,,Not Applicable,Mon-Sun 24 hours,Francophone women 16 years and older,French,Call or visit the website,"Provincial crisis line confidential services for Francophone women who are victims or survivors of any form of violence or are in distress * crisis intervention, support and referral to community agencies * educational workshops * confidential calls",2015-02-20
30,Planned Parenthood Toronto,(50) Non Profit ; (51) Registered Charity,416-961-3200 ; Text only 647-933-5399,teenhealthsource@ppt.on.ca,teenhealthsource.com,,,Not Applicable,"Mon-Thu 4 pm-9 pm, Sat 12 noon-5 pm",Youth 13-19 years,English,"Call, email, instant message (teenhealthsource@ppt.on.ca), or text (647-933-5399) * online chat available at teenhealthsource.com","Confidential telephone and comprehensive online information and referral on sexual health issues such as relationships, puberty, sexuality, birth control, sexually transmitted infections * provided by trained peer volunteers * sex-positive, pro-choice, non-judgmental and inclusive approach",2016-02-08
31,"University Health Network, Toronto Western Hospital",(50) Non Profit ; (51) Registered Charity,416-603-5888,,www.uhn.ca,"399 Bathurst St, West Wing, 2nd Fl
Toronto, ON     M5T 2S8","Trinity-Bellwoods, 81",Wheelchair accessible building including main entrance and barrier free washrooms * designated parking,"Mon-Tue, Thu 9 am-8 pm; Wed 1:30 pm-8;pm Fri 8:30 am-4:30 pm; Sat 9 am-12:30 pm",Residents of catchment area,English ; professional interpreters for physician-patient encounters * interpretation services 416-603-6400,Call for appointment,"Family health clinic * multidisciplinary team including doctors, nurses, nurse practitioners, social worker, pharmacists, chiropodist * prenatal, obstetrical and newborn care * family planning * sexual health",2014-01-31
32,Women's College Hospital,(50) Non Profit,416-351-3700,bcbc@wchospital.ca,www.womenscollegehospital.ca/programs-and-services/bcbc/,"76 Grenville St, 3rd Fl
Toronto, ON     M5S 1B2","Bay Street Corridor, 76",Wheelchair accessible building including main entrance and barrier free washrooms,"Mon, Fri 9 am-5 pm; Tue-Thu 9 am-8 pm",Women,English ; printed material available in several languages,Appointments preferred * drop ins accommodated if possible * no referral required,"Birth control * pregnancy testing, counselling and referrals * abortion information, counselling and referrals * Pap tests * testing and treatment for sexually transmitted infections * anonymous HIV tests * HIV information and treatment referrals * Hepatitis B vaccination * safer sex counselling and information",2015-11-27
33,Scarborough Hospital,(50) Non Profit,416-495-2555,,www.tsh.to/areas-of-care/emergency/sexual-assault-and-domestic-violence/,"3030 Birchmount Rd
Toronto, ON     M1W 3W3","L'Amoreaux, 117",Wheelchair accessible building including main entrance and barrier free washrooms * braille and tone elevator with lowered buttons * designated parking,Emergencies -- Mon-Sun 24 hours * office -- Mon-Fri 9 am-5 pm,"Female, male and transgendered individuals 12 years and older, who have been sexually assaulted or have experienced intimate partner violence",English ; Interpretive services,By referral from the Emergency Department at either General or Birchmount campus -- see separate listings,"24-hour emergency care * medical assessment and treatment * crisis intervention * forensic documentation and evidence collection * risk assessment * safety planning * referral to community resources<br><br>

Follow up counselling services provided at Scarborough Centre for Healthy Communities, 416-847-4144 -- see separate entry",2016-01-05
34,Planned Parenthood Toronto,(50) Non Profit ; (51) Registered Charity,416-351-3700,,www.ppt.on.ca,"Bay Centre for Birth Control
790 Bay St, 8th Fl
Toronto, ON     M5G 1N8","Bay Street Corridor, 76",Wheelchair accessible automatic main entrance ; Easy access to elevator ; Barrier-free washroom including door and stall ; Underground parking,"Peer-to-peer education -- Tue-Thu 5 pm-8 pm, Sat 9:30 am-12:30 pm * Check It Out -- Wed 4 pm-7:30 pm",,English,,"<b>Peer-to-peer education</b> -- in-person information on sexual and reproductive health issues including birth control options, emergency contraception, fertility awareness, pregnancy options including abortion, healthy sexuality and relationships, sexually transmitted infections, HIV/AIDS, safer sex practices * free condoms * provided by trained volunteers * call for appointment<br><br>

<b>Check IT Out, www.check-it-out.ca</b> -- drop-in program providing pap tests only * for lesbian, bisexual, queer or gay women, and any other women who have sex with women * no appointment necessary * no Ontario Health Insurance required * female clinicians * online information on pap tests, human papillomavirus (HPV), cervical cancer<br><br>

Also Mobile Health Unit (MHU) and sexual health workshops provided to women's shelters
",2014-06-27
35,Ontario. Ministry of Health and Long-Term Care,(30) Provincial Government,AIDS and Sexual Health Infoline 416-392-2437,,www.toronto.ca/health/sexualhealth/aids_hotline.htm,,,Not Applicable,"Mon-Fri 10 am-10:30 pm, Sat-Sun 11 am-3 pm * closed statutory holidays",Open to all Ontario residents,English ; French ; call for availability of other languages,,"Anonymous and non-judgmental counselling * referrals to clinics and community agencies * crisis intervention * administered through Toronto Public Health (see separate entry)<br> <br>

<b>AIDS and Sexual Health Infoline</b> -- current information and support on HIV/AIDS, counselling and referral to Point of Care HIV Rapid Test sites, pre-test and post-test options, safer sex, risk assessment, sexually transmitted diseases, birth control options, emergency contraception, sexuality, relationship concerns, pregnancy and options, sexual orientation<br> <br>

<b>The Mainline 1-800-686-7544</b> -- current information and support on issues related to harm reduction, injection drug use and needle exchange programs",2015-06-12
36,Crossways Sexual Health Clinic,(50) Non Profit,416-392-0999,,,"2340 Dundas St W
Toronto, ON     M6P 4A9",,Fully Accessible,"Mon 9:30am-12noon, 2pm-6:30pm * Tue 1pm-5:30pm * Wed 9:30am-11:30am, 1pm-3:30pm * Thu 12noon-4pm * Fri 9:30am-12noon",People who need sexual health services,English,Call or drop-in * no referral required,Sexual health clinic * health professionals test for and treat sexually transmitted infections * family planning services<br><ul><li>birth control counselling</li><li>low-cost or free birth control</li><li>emergency birth control</li><li>pregnancy testing and counselling</li><li>sexual health information and counselling</li><li>sexuality and relationship counselling</li><li>Pap smears</li><li>breast exams</li><li>rapid HIV testing</li></ul>,2015-07-21
37,Bloor West Village Women's Clinic,(60) Commercial,416-849-4595,,,"2425 Bloor St W, Ste 403
Toronto, ON     M6S 4W4",,Fully Accessible,"Mon-Wed, Fri-Sat 9 am-6 pm * walk-in service available most mornings * call first to confirm",No restrictions,English,Call for information or to make an appointment,"Abortion services up to 14 weeks gestation * pre-abortion and birth control counselling, and follow-up * all female staff * parental consent not required",2015-01-26
38,Jane St Sexual Health Clinic,(50) Non Profit,416-338-7272,,,"662 Jane St
Toronto, ON     M6N 4A7",,,Tue 1pm-5:30pm * Wed 2pm-6:30pm * Thu 9:30am-4 pm * closed 11:30am-1pm,People who need sexual health services,English,Drop-in * no referral or identification required,Sexual health clinic * health professionals test for and treat sexually transmitted infections * family planning services<br><ul><li>birth control counselling</li><li>low-cost or free birth control</li><li>emergency birth control</li><li>pregnancy testing and counselling</li><li>rapid HIV testing</li><li>sexuality and relationship counselling</li><li>Pap smears</li><li>breast exams</li></ul>,2015-02-05
39,Ryerson Medical Centre,(50) Non Profit,416-979-5070,medicalct@ryerson.ca,www.ryerson.ca,"350 Victoria Rd S
Toronto, ON     M5B 2K3",,,Mon-Fri 9am-5pm,Students and staff who need medical care * valid health card required,English,Call or drop in * no referral required,University community medical clinic * health professionals assess and treat minor infections and injuries<br><ul><li>pregnancy testing and counselling</li><li>testing for sexually transmitted infections</li><li>Pap smears</li><li>breast exams</li><li>sexuality and relationship counselling</li><li>immunizations</li></ul>,2015-03-11
40,University of Toronto - Main Campus - Health Services,(50) Non Profit,416-978-8030,,healthservices.utoronto.ca,"214 College St, 2nd Floor
Toronto, ON     M5T 2Z9",,Fully Accessible,"Mon, Thu, Fri 8:45am-5pm * Tue, Wed 8:45am-7pm",Students who need medical care * valid health card required,English,Call for an appointment * no referral required<br>Drop-in appointments on a first-come first-served basis,University community medical clinic * health professionals assess and treat minor infections and injuries<br><ul><li>birth control counselling</li><li>testing for sexually transmitted infections</li><li>pregnancy testing and counselling</li><li>emergency birth control</li><li>Pap smears</li><li>breast exams</li><li>immunizations</li><li>travel immunization</li><li>smoking cessation program (help to quit smoking)</li></ul>,2015-03-13
